

DROP TABLE CUSTOMER_MAINT;
DROP TABLE CREW;
DROP TABLE CHARTER;
DROP TABLE EARNEDRATING;
DROP TABLE RATING;
DROP TABLE PILOT;
DROP TABLE EMPLOYEE;
DROP TABLE CUSTOMER;
DROP TABLE AIRCRAFT;
DROP TABLE MODEL;


CREATE TABLE MODEL(
MOD_CODE          CHAR(10) PRIMARY KEY, 
MOD_MANUFACTURER  VARCHAR(15), 
MOD_NAME          VARCHAR(20), 
MOD_SEATS         INTEGER, 
MOD_CHG_MILE      NUMERIC(4,2));

INSERT INTO MODEL VALUES('C-90A'    ,'Beechcraft' ,'KingAir'          ,8  ,2.67);
INSERT INTO MODEL VALUES('PA23-250' ,'Piper'      ,'Aztec'            ,6  ,1.93);
INSERT INTO MODEL VALUES('PA31-350' ,'Piper'      ,'Navajo Chieftain' ,10 ,2.35);


CREATE TABLE AIRCRAFT(
AC_NUMBER  CHAR(5) PRIMARY KEY, 
MOD_CODE   CHAR(10), 
AC_TTAF    NUMERIC(5,1), 
AC_TTEL    NUMERIC(5,1), 
AC_TTER    NUMERIC(5,1));
ALTER TABLE `aircraft`
  ADD CONSTRAINT `aircraft_ibfk_1` FOREIGN KEY (`MOD_CODE`) REFERENCES `model` (`MOD_CODE`);

INSERT INTO AIRCRAFT VALUES('1484P' ,'PA23-250' ,1833.1 ,1833.1 ,101.8);
INSERT INTO AIRCRAFT VALUES('2289L' ,'C-90A'    ,4243.8 ,768.9  ,1123.4);
INSERT INTO AIRCRAFT VALUES('2778V' ,'PA31-350' ,7992.9 ,1513.1 ,789.5);
INSERT INTO AIRCRAFT VALUES('4278Y' ,'PA31-350' ,2147.3 ,622.1  ,243.2);


CREATE TABLE CUSTOMER(
CUS_CODE      INTEGER PRIMARY KEY, 
CUS_LNAME     VARCHAR(15), 
CUS_FNAME     VARCHAR(15), 
CUS_INITIAL   CHAR(1), 
CUS_AREACODE  CHAR(3), 
CUS_PHONE     CHAR(8), 
CUS_BALANCE   NUMERIC(7,2));

INSERT INTO CUSTOMER VALUES(10010 ,'Ramas'    ,'Alfred'  ,'A'  ,'615' ,'844-2573' ,0);
INSERT INTO CUSTOMER VALUES(10011 ,'Dunne'    ,'Leona'   ,'K'  ,'713' ,'894-1238' ,0);
INSERT INTO CUSTOMER VALUES(10012 ,'Smith'    ,'Kathy'   ,'W'  ,'615' ,'894-2285' ,896.54);
INSERT INTO CUSTOMER VALUES(10013 ,'Olowski'  ,'Paul'    ,'F'  ,'615' ,'894-2180' ,1285.19);
INSERT INTO CUSTOMER VALUES(10014 ,'Orlando'  ,'Myron'   ,NULL ,'615' ,'222-1672' ,673.21);
INSERT INTO CUSTOMER VALUES(10015 ,'O''Brian' ,'Amy'     ,'B'  ,'713' ,'442-3381' ,1014.56);
INSERT INTO CUSTOMER VALUES(10016 ,'Brown'    ,'James'   ,'G'  ,'615' ,'297-1228' ,0);
INSERT INTO CUSTOMER VALUES(10017 ,'Williams' ,'George'  ,NULL ,'615' ,'290-2556' ,0);
INSERT INTO CUSTOMER VALUES(10018 ,'Farriss'  ,'Anne'    ,'G'  ,'713' ,'382-7185' ,0);
INSERT INTO CUSTOMER VALUES(10019 ,'Smith'    ,'Olette'  ,'K'  ,'615' ,'297-3809' ,453.98);


CREATE TABLE EMPLOYEE(
EMP_NUM INTEGER PRIMARY KEY, 
EMP_TITLE      CHAR(4), 
EMP_LNAME      VARCHAR(15), 
EMP_FNAME      VARCHAR(15), 
EMP_INITIAL    CHAR(1), 
EMP_DOB        DATETIME, 
EMP_HIRE_DATE  DATETIME);

INSERT INTO EMPLOYEE VALUES(100 ,'Mr.'  ,'Kolmycz'    ,'George'     ,'D'  , STR_TO_DATE('15-6-1942', '%d-%m-%Y')  , STR_TO_DATE('15-3-1988', '%d-%m-%Y'));
INSERT INTO EMPLOYEE VALUES(101 ,'Ms.'  ,'Lewis'      ,'Rhonda'     ,'G'  , STR_TO_DATE('19-3-1965', '%d-%m-%Y')  ,STR_TO_DATE('25-4-1986', '%d-%m-%Y'));
INSERT INTO EMPLOYEE VALUES(102 ,'Mr.'  ,'VanDam'     ,'Rhett'      ,NULL , STR_TO_DATE('14-11-1958', '%d-%m-%Y')  ,STR_TO_DATE('18-5-1993', '%d-%m-%Y'));
INSERT INTO EMPLOYEE VALUES(103 ,'Ms.'  ,'Jones'      ,'Anne'       ,'M'  , STR_TO_DATE('11-5-1974', '%d-%m-%Y')  ,STR_TO_DATE('26-7-1999', '%d-%m-%Y'));
INSERT INTO EMPLOYEE VALUES(104 ,'Mr.'  ,'Lange'      ,'John'       ,'P'  , STR_TO_DATE('12-7-1971', '%d-%m-%Y')  ,STR_TO_DATE('20-8-1990', '%d-%m-%Y'));
INSERT INTO EMPLOYEE VALUES(105 ,'Mr.'  ,'Williams'   ,'Robert'     ,'D'  , STR_TO_DATE('14-3-1975', '%d-%m-%Y')  ,STR_TO_DATE('19-6-2003', '%d-%m-%Y'));
INSERT INTO EMPLOYEE VALUES(106 ,'Mrs.' ,'Duzak'      ,'Jeanine'    ,'K'  , STR_TO_DATE('12-2-1968', '%d-%m-%Y')  ,STR_TO_DATE('13-3-1989', '%d-%m-%Y'));
INSERT INTO EMPLOYEE VALUES(107 ,'Mr.'  ,'Diante'     ,'Jorge'      ,'D'  , STR_TO_DATE('01-5-1975', '%d-%m-%Y')  ,STR_TO_DATE('02-7-1997', '%d-%m-%Y'));
INSERT INTO EMPLOYEE VALUES(108 ,'Mr.'  ,'Wiesenbach' ,'Paul'       ,'R'  , STR_TO_DATE('14-2-1966', '%d-%m-%Y')  ,STR_TO_DATE('03-6-1993', '%d-%m-%Y'));
INSERT INTO EMPLOYEE VALUES(109 ,'Ms.'  ,'Travis'     ,'Elizabeth'  ,'K'  , STR_TO_DATE('18-6-1961', '%d-%m-%Y')  ,STR_TO_DATE('14-2-2004', '%d-%m-%Y'));
INSERT INTO EMPLOYEE VALUES(110 ,'Mrs.' ,'Genkazi'    ,'Leighla'    ,'W'  , STR_TO_DATE('19-5-1970', '%d-%m-%Y')  ,STR_TO_DATE('29-6-1990', '%d-%m-%Y')); 


CREATE TABLE PILOT(
EMP_NUM         INTEGER PRIMARY KEY, 
PIL_LICENSE     VARCHAR(25), 
PIL_RATINGS	VARCHAR(30),
PIL_MED_TYPE    CHAR(1), 
PIL_MED_DATE    DATETIME, 
PIL_PT135_DATE  DATETIME);
ALTER TABLE `PILOT`
  ADD CONSTRAINT `PILOT_ibfk_1` FOREIGN KEY (`EMP_NUM`) REFERENCES `EMPLOYEE` (`EMP_NUM`);

INSERT INTO PILOT VALUES(101 ,'ATP' ,'ATP/SEL/MEL/Instr/CFII'    ,'1' , STR_TO_DATE('20-1-2010', '%d-%m-%Y') , STR_TO_DATE('11-1-2010', '%d-%m-%Y'));
INSERT INTO PILOT VALUES(104 ,'ATP' ,'ATP/SEL/MEL/Instr'         ,'1' , STR_TO_DATE('18-12-2009', '%d-%m-%Y')  , STR_TO_DATE('17-1-2010', '%d-%m-%Y') );
INSERT INTO PILOT VALUES(105 ,'COM' ,'COMM/SEL/MEL/Instr/CFI'    ,'2' , STR_TO_DATE('05-1-2010', '%d-%m-%Y')  , STR_TO_DATE('02-1-2010', '%d-%m-%Y') );
INSERT INTO PILOT VALUES(106 ,'COM' ,'ATP/SEL/MEL/Instr'         ,'2' , STR_TO_DATE('10-12-2009', '%d-%m-%Y')  , STR_TO_DATE('02-2-2010', '%d-%m-%Y') );
INSERT INTO PILOT VALUES(109 ,'COM' ,'ATP/SEL/MEL/SES/Instr/CFII','1' , STR_TO_DATE('22-1-2010', '%d-%m-%Y')  , STR_TO_DATE('15-1-2010', '%d-%m-%Y') );


CREATE TABLE RATING(
RTG_CODE  CHAR(5) PRIMARY KEY, 
RTG_NAME  VARCHAR(50));

INSERT INTO RATING VALUES('CFI'   ,'Certified Flight Instructor');
INSERT INTO RATING VALUES('CFII'  ,'Certified Flight Instructor, Instrument');
INSERT INTO RATING VALUES('INSTR' ,'Instrument');
INSERT INTO RATING VALUES('MEL'   ,'Multiengine Land');
INSERT INTO RATING VALUES('SEL'   ,'Single Engine, Land');
INSERT INTO RATING VALUES('SES'   ,'Single Engine, Sea');


CREATE TABLE EARNEDRATING(
EMP_NUM       INTEGER, 
RTG_CODE      CHAR(5), 
EARNRTG_DATE  DATETIME,
PRIMARY KEY(EMP_NUM, RTG_CODE));
ALTER TABLE `EARNEDRATING`
	ADD CONSTRAINT `EARNEDRATING_ibfk_1` FOREIGN KEY (`EMP_NUM`) REFERENCES `EMPLOYEE` (`EMP_NUM`);
ALTER TABLE `EARNEDRATING`
	ADD CONSTRAINT `EARNEDRATING_ibfk_2` FOREIGN KEY (`RTG_CODE`) REFERENCES `RATING` (`RTG_CODE`);

INSERT INTO EARNEDRATING VALUES( 101 ,'CFI'   , STR_TO_DATE('18-2-1998', '%d-%m-%Y'));
INSERT INTO EARNEDRATING VALUES( 101 ,'CFII'  , STR_TO_DATE('15-12-2005', '%d-%m-%Y'));
INSERT INTO EARNEDRATING VALUES( 101 ,'INSTR' , STR_TO_DATE('08-11-1993', '%d-%m-%Y'));
INSERT INTO EARNEDRATING VALUES( 101 ,'MEL'   , STR_TO_DATE('23-6-1994', '%d-%m-%Y'));
INSERT INTO EARNEDRATING VALUES( 101 ,'SEL'   , STR_TO_DATE('21-4-1993', '%d-%m-%Y'));
INSERT INTO EARNEDRATING VALUES( 104 ,'INSTR' , STR_TO_DATE('15-7-1996', '%d-%m-%Y'));
INSERT INTO EARNEDRATING VALUES( 104 ,'MEL'   , STR_TO_DATE('29-1-1997', '%d-%m-%Y'));
INSERT INTO EARNEDRATING VALUES( 104 ,'SEL'   , STR_TO_DATE('12-3-1995', '%d-%m-%Y'));
INSERT INTO EARNEDRATING VALUES( 105 ,'CFI'   , STR_TO_DATE('18-11-1997', '%d-%m-%Y'));
INSERT INTO EARNEDRATING VALUES( 105 ,'INSTR' , STR_TO_DATE('17-4-1995', '%d-%m-%Y'));
INSERT INTO EARNEDRATING VALUES( 105 ,'MEL'   , STR_TO_DATE('12-8-1995', '%d-%m-%Y'));
INSERT INTO EARNEDRATING VALUES( 105 ,'SEL'   , STR_TO_DATE('23-9-1994', '%d-%m-%Y'));
INSERT INTO EARNEDRATING VALUES( 106 ,'INSTR' , STR_TO_DATE('20-12-1995', '%d-%m-%Y'));
INSERT INTO EARNEDRATING VALUES( 106 ,'MEL'   , STR_TO_DATE('02-4-1996', '%d-%m-%Y'));
INSERT INTO EARNEDRATING VALUES( 106 ,'SEL'   , STR_TO_DATE('10-3-1994', '%d-%m-%Y'));
INSERT INTO EARNEDRATING VALUES( 109 ,'CFI'   , STR_TO_DATE('05-11-1998', '%d-%m-%Y'));
INSERT INTO EARNEDRATING VALUES( 109 ,'CFII'  , STR_TO_DATE('21-6-2003', '%d-%m-%Y'));
INSERT INTO EARNEDRATING VALUES( 109 ,'INSTR' , STR_TO_DATE('23-7-1996', '%d-%m-%Y'));
INSERT INTO EARNEDRATING VALUES( 109 ,'MEL'   , STR_TO_DATE('15-3-1997', '%d-%m-%Y'));
INSERT INTO EARNEDRATING VALUES( 109 ,'SEL'   , STR_TO_DATE('05-2-1996', '%d-%m-%Y'));
INSERT INTO EARNEDRATING VALUES( 109 ,'SES'   , STR_TO_DATE('12-5-1996', '%d-%m-%Y')); 


CREATE TABLE CHARTER(
CHAR_TRIP          INTEGER PRIMARY KEY, 
CHAR_DATE          DATETIME, 
AC_NUMBER          CHAR(5), 
CHAR_DESTINATION   CHAR(3), 
CHAR_DISTANCE      INTEGER, 
CHAR_HOURS_FLOWN   NUMERIC(4,1), 
CHAR_HOURS_WAIT    NUMERIC(4,1), 
CHAR_FUEL_GALLONS  NUMERIC(5,1), 
CHAR_OIL_QTS       INTEGER, 
CUS_CODE           INTEGER);
ALTER TABLE `CHARTER`
	ADD CONSTRAINT `CHARTER_ibfk_1` FOREIGN KEY (`AC_NUMBER`) REFERENCES `AIRCRAFT` (`AC_NUMBER`);
ALTER TABLE `CHARTER`
	ADD CONSTRAINT `CHARTER_ibfk_2` FOREIGN KEY (`CUS_CODE`) REFERENCES `CUSTOMER` (`CUS_CODE`);

INSERT INTO CHARTER VALUES(10001 , STR_TO_DATE('05-2-2010', '%d-%m-%Y') ,'2289L' ,'ATL' ,936  ,5.1 ,2.2  ,354.1 ,1 ,10011);
INSERT INTO CHARTER VALUES(10002 , STR_TO_DATE('05-2-2010', '%d-%m-%Y') ,'2778V' ,'BNA' ,320  ,1.6 ,0    ,72.6  ,0 ,10016);
INSERT INTO CHARTER VALUES(10003 , STR_TO_DATE('05-2-2010', '%d-%m-%Y') ,'4278Y' ,'GNV' ,1574 ,7.8 ,0    ,339.8 ,2 ,10014);
INSERT INTO CHARTER VALUES(10004 , STR_TO_DATE('06-2-2010', '%d-%m-%Y') ,'1484P' ,'STL' ,472  ,2.9 ,4.9  ,97.2  ,1 ,10019);
INSERT INTO CHARTER VALUES(10005 , STR_TO_DATE('06-2-2010', '%d-%m-%Y') ,'2289L' ,'ATL' ,1023 ,5.7 ,3.5  ,397.7 ,2 ,10011);
INSERT INTO CHARTER VALUES(10006 , STR_TO_DATE('06-2-2010', '%d-%m-%Y') ,'4278Y' ,'STL' ,472  ,2.6 ,5.2  ,117.1 ,0 ,10017);
INSERT INTO CHARTER VALUES(10007 , STR_TO_DATE('06-2-2010', '%d-%m-%Y') ,'2778V' ,'GNV' ,1574 ,7.9 ,0    ,348.4 ,2 ,10012);
INSERT INTO CHARTER VALUES(10008 , STR_TO_DATE('07-2-2010', '%d-%m-%Y') ,'1484P' ,'TYS' ,644  ,4.1 ,0    ,140.6 ,1 ,10014);
INSERT INTO CHARTER VALUES(10009 , STR_TO_DATE('07-2-2010', '%d-%m-%Y') ,'2289L' ,'GNV' ,1574 ,6.6 ,23.4 ,459.9 ,0 ,10017);
INSERT INTO CHARTER VALUES(10010 , STR_TO_DATE('07-2-2010', '%d-%m-%Y') ,'4278Y' ,'ATL' ,998  ,6.2 ,3.2  ,279.7 ,0 ,10016);
INSERT INTO CHARTER VALUES(10011 , STR_TO_DATE('07-2-2010', '%d-%m-%Y') ,'1484P' ,'BNA' ,352  ,1.9 ,5.3  ,66.4  ,1 ,10012);
INSERT INTO CHARTER VALUES(10012 , STR_TO_DATE('08-2-2010', '%d-%m-%Y') ,'2778V' ,'MOB' ,884  ,4.8 ,4.2  ,215.1 ,0 ,10010);
INSERT INTO CHARTER VALUES(10013 , STR_TO_DATE('08-2-2010', '%d-%m-%Y') ,'4278Y' ,'TYS' ,644  ,3.9 ,4.5  ,174.3 ,1 ,10011);
INSERT INTO CHARTER VALUES(10014 , STR_TO_DATE('09-2-2010', '%d-%m-%Y') ,'4278Y' ,'ATL' ,936  ,6.1 ,2.1  ,302.6 ,0 ,10017);
INSERT INTO CHARTER VALUES(10015 , STR_TO_DATE('09-2-2010', '%d-%m-%Y') ,'2289L' ,'GNV' ,1645 ,6.7 ,0    ,459.5 ,2 ,10016);
INSERT INTO CHARTER VALUES(10016 , STR_TO_DATE('09-2-2010', '%d-%m-%Y') ,'2778V' ,'MQY' ,312  ,1.5 ,0    ,67.2  ,0 ,10011);
INSERT INTO CHARTER VALUES(10017 , STR_TO_DATE('10-2-2010', '%d-%m-%Y') ,'1484P' ,'STL' ,508  ,3.1 ,0    ,105.5 ,0 ,10014);
INSERT INTO CHARTER VALUES(10018 , STR_TO_DATE('10-2-2010', '%d-%m-%Y') ,'4278Y' ,'TYS' ,644  ,3.8 ,4.5  ,167.4 ,0 ,10017);


CREATE TABLE CREW(
CHAR_TRIP  INTEGER, 
EMP_NUM    INTEGER, 
CREW_JOB   VARCHAR(20));
ALTER TABLE `CREW`
	ADD CONSTRAINT `CREW_ibfk_1` FOREIGN KEY (`CHAR_TRIP`) REFERENCES `CHARTER` (`CHAR_TRIP`);
ALTER TABLE `CREW`
	ADD CONSTRAINT `CREW_ibfk_2` FOREIGN KEY (`EMP_NUM`) REFERENCES `EMPLOYEE` (`EMP_NUM`);


INSERT INTO CREW VALUES(10001 ,104 ,'Pilot');
INSERT INTO CREW VALUES(10002 ,101 ,'Pilot');
INSERT INTO CREW VALUES(10003 ,105 ,'Pilot');
INSERT INTO CREW VALUES(10003 ,109 ,'Copilot');
INSERT INTO CREW VALUES(10004 ,106 ,'Pilot');
INSERT INTO CREW VALUES(10005 ,101 ,'Pilot');
INSERT INTO CREW VALUES(10006 ,109 ,'Pilot');
INSERT INTO CREW VALUES(10007 ,104 ,'Pilot');
INSERT INTO CREW VALUES(10007 ,105 ,'Copilot');
INSERT INTO CREW VALUES(10008 ,106 ,'Pilot');
INSERT INTO CREW VALUES(10009 ,105 ,'Pilot');
INSERT INTO CREW VALUES(10010 ,108 ,'Pilot');
INSERT INTO CREW VALUES(10011 ,101 ,'Pilot');
INSERT INTO CREW VALUES(10011 ,104 ,'Copilot');
INSERT INTO CREW VALUES(10012 ,101 ,'Pilot');
INSERT INTO CREW VALUES(10013 ,105 ,'Pilot');
INSERT INTO CREW VALUES(10014 ,106 ,'Pilot');
INSERT INTO CREW VALUES(10015 ,101 ,'Copilot');
INSERT INTO CREW VALUES(10015 ,104 ,'Pilot');
INSERT INTO CREW VALUES(10016 ,105 ,'Copilot');
INSERT INTO CREW VALUES(10016 ,109 ,'Pilot');
INSERT INTO CREW VALUES(10017 ,101 ,'Pilot');
INSERT INTO CREW VALUES(10018 ,104 ,'Copilot');
INSERT INTO CREW VALUES(10018 ,105 ,'Pilot');


CREATE TABLE CUSTOMER_MAINT(
CUS_CODE      INTEGER PRIMARY KEY, 
CUS_LNAME     VARCHAR(15), 
CUS_FNAME     VARCHAR(15), 
CUS_INITIAL   CHAR(1), 
CUS_AREACODE  CHAR(3), 
CUS_PHONE     CHAR(8));

INSERT INTO CUSTOMER_MAINT VALUES(345 ,'Terrell'   ,'Justine' ,'H'  ,'615' ,'322-9870');
INSERT INTO CUSTOMER_MAINT VALUES(347 ,'Olowski'   ,'Paul'    ,'F'  ,'615' ,'894-2180');
INSERT INTO CUSTOMER_MAINT VALUES(351 ,'Hernandez' ,'Carlos'  ,'J'  ,'723' ,'123-7654');
INSERT INTO CUSTOMER_MAINT VALUES(352 ,'McDowell'  ,'George'  ,NULL ,'723' ,'123-7768');
INSERT INTO CUSTOMER_MAINT VALUES(365 ,'Tirpin'    ,'Khaleed' ,'G'  ,'723' ,'123-9876');
INSERT INTO CUSTOMER_MAINT VALUES(368 ,'Lewis'     ,'Marie'   ,'J'  ,'734' ,'332-1789');
INSERT INTO CUSTOMER_MAINT VALUES(369 ,'Dunne'     ,'Leona'   ,'K'  ,'713' ,'894-1238');
